AwayWinRate,CompetitionName,Country,DrawRate,HomeWinRate,Matchsplayed,Matchsremaining,url
0%,African Nations Championship 2020,Africa,0%,0%,0,42,https://www.betexplorer.com/soccer/africa/african-nations-championship/stats/
,,,,,,,
18%,2. HNL 2018/2019,Croatia,26%,57%,125,57,https://www.betexplorer.com/soccer/croatia/2-hnl/stats/
,,,,,,,
50%,Croatian Cup 2018/2019,Croatia,9%,41%,44,2,https://www.betexplorer.com/soccer/croatia/croatian-cup/stats/
,,,,,,,
39%,Division 1 2018/2019,Djibouti,24%,37%,70,20,https://www.betexplorer.com/soccer/djibouti/division-1/stats/
,,,,,,,
33%,3F Ligaen Women 2018/2019,Denmark,22%,44%,9,21,https://www.betexplorer.com/soccer/denmark/3f-ligaen-women/stats/
,,,,,,,
29%,Division 2 2018/2019,Cyprus,21%,51%,200,40,https://www.betexplorer.com/soccer/cyprus/division-2/stats/
,,,,,,,
65%,Landspokal Cup 2018/2019,Denmark,23%,12%,97,2,https://www.betexplorer.com/soccer/denmark/landspokal-cup/stats/
,,,,,,,
100%,Super Cup 2019,Colombia,0%,0%,2,0,https://www.betexplorer.com/soccer/colombia/super-cup/stats/
,,,,,,,
32%,Copa Aguila 2019,Colombia,34%,34%,41,43,https://www.betexplorer.com/soccer/colombia/copa-aguila/stats/
,,,,,,,
0%,Torneo Aguila 2019,Colombia,0%,0%,0,120,https://www.betexplorer.com/soccer/colombia/torneo-aguila/stats/
,,,,,,,
0%,Campeonato Nacional 2019,Cape Verde,0%,0%,0,6,https://www.betexplorer.com/soccer/cape-verde/campeonato-nacional/stats/
,,,,,,,
38%,Cyprus Cup 2018/2019,Cyprus,18%,44%,34,2,https://www.betexplorer.com/soccer/cyprus/cyprus-cup/stats/
,,,,,,,
75%,Tipsport liga 2019,Czech Republic,0%,25%,4,0,https://www.betexplorer.com/soccer/czech-republic/tipsport-liga/stats/
,,,,,,,
0%,LDF 2019,Dominican Republic,60%,40%,5,40,https://www.betexplorer.com/soccer/dominican-republic/ldf/stats/
,,,,,,,
30%,Primera Division 2018/2019,Costa Rica,28%,42%,111,21,https://www.betexplorer.com/soccer/costa-rica/primera-division/stats/
,,,,,,,
36%,1. HNL 2018/2019,Croatia,26%,38%,133,47,https://www.betexplorer.com/soccer/croatia/1-hnl/stats/
,,,,,,,
22%,Premier Soccer League 2019,Zimbabwe,22%,56%,9,9,https://www.betexplorer.com/soccer/zimbabwe/premier-soccer-league/stats/
,,,,,,,
0%,Super Cup 2019,Chile,0%,100%,1,0,https://www.betexplorer.com/soccer/chile/super-cup/stats/
,,,,,,,
56%,Chilean Cup 2019,Chile,31%,13%,16,0,https://www.betexplorer.com/soccer/chile/chilean-cup/stats/
,,,,,,,
0%,Canadian Premier League 2019,Canada,0%,0%,0,98,https://www.betexplorer.com/soccer/canada/canadian-premier-league/stats/
,,,,,,,
23%,Primera B 2019,Chile,44%,33%,48,72,https://www.betexplorer.com/soccer/chile/primera-b/stats/
,,,,,,,
44%,FA Cup 2019,China,14%,42%,46,16,https://www.betexplorer.com/soccer/china/fa-cup/stats/
,,,,,,,
33%,Yi League 2019,China,23%,44%,43,437,https://www.betexplorer.com/soccer/china/yi-league/stats/
,,,,,,,
30%,Primera Division 2019,Chile,26%,45%,47,73,https://www.betexplorer.com/soccer/chile/primera-division/stats/
,,,,,,,
22%,Liga Aguila 2019,Colombia,37%,40%,126,74,https://www.betexplorer.com/soccer/colombia/liga-aguila/stats/
,,,,,,,
0%,Super Cup 2019,China,0%,100%,1,0,https://www.betexplorer.com/soccer/china/super-cup/stats/
,,,,,,,
32%,Jia League 2019,China,20%,48%,25,215,https://www.betexplorer.com/soccer/china/jia-league/stats/
,,,,,,,
38%,Super League 2019,China,17%,46%,24,216,https://www.betexplorer.com/soccer/china/super-league/stats/
,,,,,,,
4%,Egypt Cup 2018/2019,Egypt,29%,67%,24,3,https://www.betexplorer.com/soccer/egypt/egypt-cup/stats/
,,,,,,,
39%,2nd Division - Group 2 2018/2019,Denmark,26%,35%,120,12,https://www.betexplorer.com/soccer/denmark/2nd-division-group-2/stats/
,,,,,,,
32%,Premier League 2018/2019,Egypt,35%,33%,235,32,https://www.betexplorer.com/soccer/egypt/premier-league/stats/
,,,,,,,
0%,Championship 2019,Canada,0%,0%,0,6,https://www.betexplorer.com/soccer/canada/championship/stats/
,,,,,,,
35%,2nd Division - Group 1 2018/2019,Denmark,24%,41%,120,12,https://www.betexplorer.com/soccer/denmark/2nd-division-group-1/stats/
,,,,,,,
36%,Liga Pro 2019,Ecuador,23%,41%,56,184,https://www.betexplorer.com/soccer/ecuador/liga-pro/stats/
,,,,,,,
31%,1st Division 2018/2019,Denmark,26%,43%,143,55,https://www.betexplorer.com/soccer/denmark/1st-division/stats/
,,,,,,,
0%,Superliga 2018/2019,Denmark,67%,33%,3,27,https://www.betexplorer.com/soccer/denmark/superliga/stats/
,,,,,,,
25%,First Division 2018/2019,Cyprus,33%,42%,12,9,https://www.betexplorer.com/soccer/cyprus/first-division/stats/
,,,,,,,
29%,Super Ligue 2018/2019,DR Congo,26%,45%,202,38,https://www.betexplorer.com/soccer/dr-congo/super-ligue/stats/
,,,,,,,
26%,Super League 2019,Zambia,32%,42%,93,7,https://www.betexplorer.com/soccer/zambia/super-league/stats/
,,,,,,,
26%,Division 1 2014/2015,Yemen,29%,45%,155,27,https://www.betexplorer.com/soccer/yemen/division-1/stats/
,,,,,,,
25%,Primera Division 2019,Venezuela,28%,46%,101,89,https://www.betexplorer.com/soccer/venezuela/primera-division/stats/
,,,,,,,
24%,V.League 1 2019,Vietnam,19%,57%,21,70,https://www.betexplorer.com/soccer/vietnam/v-league-1/stats/
,,,,,,,
46%,FA Cup 2018/2019,Wales,13%,41%,90,1,https://www.betexplorer.com/soccer/wales/fa-cup/stats/
,,,,,,,
0%,NWSL Women 2019,USA,0%,0%,0,108,https://www.betexplorer.com/soccer/usa/nwsl-women/stats/
,,,,,,,
33%,Carolina Challenge Cup 2019,USA,50%,17%,6,0,https://www.betexplorer.com/soccer/usa/carolina-challenge-cup/stats/
,,,,,,,
43%,Presidents Cup 2018/2019,United Arab Emirates,14%,43%,14,0,https://www.betexplorer.com/soccer/united-arab-emirates/presidents-cup/stats/
,,,,,,,
38%,Ukrainian Cup 2018/2019,Ukraine,33%,30%,42,4,https://www.betexplorer.com/soccer/ukraine/ukrainian-cup/stats/
,,,,,,,
22%,Yokary Liga 2019,Turkmenistan,0%,78%,9,47,https://www.betexplorer.com/soccer/turkmenistan/yokary-liga/stats/
,,,,,,,
0%,Super Cup 2019,Uruguay,100%,0%,1,0,https://www.betexplorer.com/soccer/uruguay/super-cup/stats/
,,,,,,,
23%,Premier League 2018/2019,Uganda,33%,45%,195,45,https://www.betexplorer.com/soccer/uganda/premier-league/stats/
,,,,,,,
33%,Youth League 2018/2019,Ukraine,33%,33%,3,27,https://www.betexplorer.com/soccer/ukraine/youth-league/stats/
,,,,,,,
35%,Persha Liga 2018/2019,Ukraine,23%,42%,142,71,https://www.betexplorer.com/soccer/ukraine/persha-liga/stats/
,,,,,,,
28%,Druha Liga 2018/2019,Ukraine,26%,46%,170,10,https://www.betexplorer.com/soccer/ukraine/druha-liga/stats/
,,,,,,,
33%,League Cup 2018/2019,Wales,15%,52%,27,0,https://www.betexplorer.com/soccer/wales/league-cup/stats/
,,,,,,,
14%,Arabian Gulf Cup 2018/2019,United Arab Emirates,43%,43%,7,0,https://www.betexplorer.com/soccer/united-arab-emirates/arabian-gulf-cup/stats/
,,,,,,,
50%,USL League One 2019,USA,0%,50%,4,136,https://www.betexplorer.com/soccer/usa/usl-league-one/stats/
,,,,,,,
0%,USL League Two 2019,USA,0%,0%,0,500,https://www.betexplorer.com/soccer/usa/usl-league-two/stats/
,,,,,,,
0%,Super Cup 2019,Uzbekistan,0%,100%,1,0,https://www.betexplorer.com/soccer/uzbekistan/super-cup/stats/
,,,,,,,
27%,MLS 2019,USA,23%,50%,52,356,https://www.betexplorer.com/soccer/usa/mls/stats/
,,,,,,,
7%,Super League 2019,Uzbekistan,43%,50%,14,168,https://www.betexplorer.com/soccer/uzbekistan/super-league/stats/
,,,,,,,
26%,USL Championship 2019,USA,34%,40%,65,547,https://www.betexplorer.com/soccer/usa/usl-championship/stats/
,,,,,,,
38%,Cymru Alliance 2018/2019,Wales,18%,44%,218,22,https://www.betexplorer.com/soccer/wales/cymru-alliance/stats/
,,,,,,,
37%,Division 1 2018/2019,Wales,19%,44%,187,53,https://www.betexplorer.com/soccer/wales/division-1/stats/
,,,,,,,
24%,Premier League 2018/2019,Wales,18%,59%,17,13,https://www.betexplorer.com/soccer/wales/premier-league/stats/
,,,,,,,
100%,Premier League 2018/2019,Ukraine,0%,0%,1,29,https://www.betexplorer.com/soccer/ukraine/premier-league/stats/
,,,,,,,
0%,Olympic Games Women 2020,World,0%,100%,5,15,https://www.betexplorer.com/soccer/world/olympic-games-women/stats/
,,,,,,,
31%,UAE League 2018/2019,United Arab Emirates,20%,49%,127,55,https://www.betexplorer.com/soccer/united-arab-emirates/uae-league/stats/
,,,,,,,
27%,Primera Division 2019,Uruguay,25%,48%,56,64,https://www.betexplorer.com/soccer/uruguay/primera-division/stats/
,,,,,,,
23%,3. Lig Group 2 2018/2019,Turkey,31%,46%,260,46,https://www.betexplorer.com/soccer/turkey/3-lig-group-2/stats/
,,,,,,,
22%,Turkish Cup 2018/2019,Turkey,24%,54%,191,3,https://www.betexplorer.com/soccer/turkey/turkish-cup/stats/
,,,,,,,
34%,1. Lig 2018/2019,Turkey,24%,41%,241,65,https://www.betexplorer.com/soccer/turkey/1-lig/stats/
,,,,,,,
26%,Super Lig 2018/2019,Turkey,28%,45%,234,72,https://www.betexplorer.com/soccer/turkey/super-lig/stats/
,,,,,,,
25%,3. Lig Group 1 2018/2019,Turkey,34%,41%,232,40,https://www.betexplorer.com/soccer/turkey/3-lig-group-1/stats/
,,,,,,,
28%,2. Lig Red Group 2018/2019,Turkey,29%,44%,261,45,https://www.betexplorer.com/soccer/turkey/2-lig-red-group/stats/
,,,,,,,
20%,3. Lig Group 3 2018/2019,Turkey,30%,49%,261,45,https://www.betexplorer.com/soccer/turkey/3-lig-group-3/stats/
,,,,,,,
0%,Super Cup 2019,Tunisia,0%,100%,2,0,https://www.betexplorer.com/soccer/tunisia/super-cup/stats/
,,,,,,,
30%,2. Lig White Group 2018/2019,Turkey,24%,46%,261,40,https://www.betexplorer.com/soccer/turkey/2-lig-white-group/stats/
,,,,,,,
34%,Pro League 2018,Trinidad and Tobago,19%,47%,90,0,https://www.betexplorer.com/soccer/trinidad-and-tobago/pro-league/stats/
,,,,,,,
19%,Championnat National 2018/2019,Togo,31%,50%,147,0,https://www.betexplorer.com/soccer/togo/championnat-national/stats/
,,,,,,,
28%,Thai Premier League 2019,Thailand,32%,40%,47,193,https://www.betexplorer.com/soccer/thailand/thai-premier-league/stats/
,,,,,,,
0%,Champions Cup 2019,Thailand,0%,100%,1,0,https://www.betexplorer.com/soccer/thailand/champions-cup/stats/
,,,,,,,
45%,Syria Cup 2018/2019,Syria,0%,55%,11,1,https://www.betexplorer.com/soccer/syria/syria-cup/stats/
,,,,,,,
0%,Vysshaya Liga 2019,Tajikistan,0%,0%,0,4,https://www.betexplorer.com/soccer/tajikistan/vysshaya-liga/stats/
,,,,,,,
27%,Premier League 2018/2019,Syria,29%,45%,133,49,https://www.betexplorer.com/soccer/syria/premier-league/stats/
,,,,,,,
41%,1.Liga Classic Group 3 2018/2019,Switzerland,19%,40%,130,52,https://www.betexplorer.com/soccer/switzerland/1-liga-classic-group-3/stats/
,,,,,,,
37%,Nationalliga A Women 2018/2019,Switzerland,18%,46%,79,33,https://www.betexplorer.com/soccer/switzerland/nationalliga-a-women/stats/
,,,,,,,
67%,Swiss Cup 2018/2019,Switzerland,20%,13%,60,2,https://www.betexplorer.com/soccer/switzerland/swiss-cup/stats/
,,,,,,,
32%,1.Liga Classic Group 2 2018/2019,Switzerland,22%,47%,129,53,https://www.betexplorer.com/soccer/switzerland/1-liga-classic-group-2/stats/
,,,,,,,
0%,Elitettan Women 2019,Sweden,0%,0%,0,182,https://www.betexplorer.com/soccer/sweden/elitettan-women/stats/
,,,,,,,
32%,1.Liga Promotion 2018/2019,Switzerland,26%,41%,176,64,https://www.betexplorer.com/soccer/switzerland/1-liga-promotion/stats/
,,,,,,,
32%,1.Liga Classic Group 1 2018/2019,Switzerland,20%,48%,130,52,https://www.betexplorer.com/soccer/switzerland/1-liga-classic-group-1/stats/
,,,,,,,
0%,Allsvenskan Women 2019,Sweden,0%,0%,0,132,https://www.betexplorer.com/soccer/sweden/allsvenskan-women/stats/
,,,,,,,
0%,Division 2 - Östra Götaland 2019,Sweden,0%,0%,0,182,https://www.betexplorer.com/soccer/sweden/division-2-ostra-gotaland/stats/
,,,,,,,
17%,Ligi Kuu Bara 2018/2019,Tanzania,31%,52%,295,13,https://www.betexplorer.com/soccer/tanzania/ligi-kuu-bara/stats/
,,,,,,,
0%,Division 2 - Norra Götaland 2019,Sweden,0%,0%,0,182,https://www.betexplorer.com/soccer/sweden/division-2-norra-gotaland/stats/
,,,,,,,
0%,Division 2 - Södra Svealand 2019,Sweden,0%,0%,0,182,https://www.betexplorer.com/soccer/sweden/division-2-sodra-svealand/stats/
,,,,,,,
0%,Division 2 - Norrland 2019,Sweden,0%,0%,0,182,https://www.betexplorer.com/soccer/sweden/division-2-norrland/stats/
,,,,,,,
0%,Division 2 - Västra Götaland 2019,Sweden,0%,0%,0,182,https://www.betexplorer.com/soccer/sweden/division-2-vastra-gotaland/stats/
,,,,,,,
0%,Division 1 - Södra 2019,Sweden,0%,0%,0,240,https://www.betexplorer.com/soccer/sweden/division-1-sodra/stats/
,,,,,,,
50%,Superettan 2019,Sweden,38%,13%,8,232,https://www.betexplorer.com/soccer/sweden/superettan/stats/
,,,,,,,
0%,Division 1 - Norra 2019,Sweden,0%,0%,0,240,https://www.betexplorer.com/soccer/sweden/division-1-norra/stats/
,,,,,,,
13%,Allsvenskan 2019,Sweden,50%,38%,8,232,https://www.betexplorer.com/soccer/sweden/allsvenskan/stats/
,,,,,,,
29%,Challenge League 2018/2019,Switzerland,29%,43%,133,47,https://www.betexplorer.com/soccer/switzerland/challenge-league/stats/
,,,,,,,
34%,Super League 2018/2019,Switzerland,24%,42%,130,50,https://www.betexplorer.com/soccer/switzerland/super-league/stats/
,,,,,,,
0%,Division 2 - Norra Svealand 2019,Sweden,0%,0%,0,182,https://www.betexplorer.com/soccer/sweden/division-2-norra-svealand/stats/
,,,,,,,
30%,Copa Sudamericana 2019,South America,44%,26%,27,17,https://www.betexplorer.com/soccer/south-america/copa-sudamericana/stats/
,,,,,,,
0%,South American Championship U17 2019,South America,67%,33%,3,12,https://www.betexplorer.com/soccer/south-america/south-american-championship-u17/stats/
,,,,,,,
17%,National League 2019,South Korea,33%,50%,12,100,https://www.betexplorer.com/soccer/south-korea/national-league/stats/
,,,,,,,
49%,Nation Link Telecom Championship 2019,Somalia,18%,33%,39,6,https://www.betexplorer.com/soccer/somalia/nation-link-telecom-championship/stats/
,,,,,,,
40%,K League 2 2019,South Korea,25%,35%,20,160,https://www.betexplorer.com/soccer/south-korea/k-league-2/stats/
,,,,,,,
18%,Copa Libertadores 2019,South America,29%,53%,38,58,https://www.betexplorer.com/soccer/south-america/copa-libertadores/stats/
,,,,,,,
21%,Copa de la Reina Women 2018/2019,Spain,36%,43%,14,1,https://www.betexplorer.com/soccer/spain/copa-de-la-reina-women/stats/
,,,,,,,
30%,Korean Cup 2019,South Korea,26%,44%,54,0,https://www.betexplorer.com/soccer/south-korea/korean-cup/stats/
,,,,,,,
0%,Recopa Sudamericana 2019,South America,0%,0%,0,2,https://www.betexplorer.com/soccer/south-america/recopa-sudamericana/stats/
,,,,,,,
35%,Primera Division Women 2018/2019,Spain,19%,46%,208,32,https://www.betexplorer.com/soccer/spain/primera-division-women/stats/
,,,,,,,
33%,South American Championship U20 2019,South America,27%,40%,15,0,https://www.betexplorer.com/soccer/south-america/south-american-championship-u20/stats/
,,,,,,,
0%,WK League Women 2019,South Korea,0%,0%,0,112,https://www.betexplorer.com/soccer/south-korea/wk-league-women/stats/
,,,,,,,
17%,K League 1 2019,South Korea,27%,57%,30,168,https://www.betexplorer.com/soccer/south-korea/k-league-1/stats/
,,,,,,,
75%,Multichoice Diski Shield 2019,South Africa,13%,13%,8,0,https://www.betexplorer.com/soccer/south-africa/multichoice-diski-shield/stats/
,,,,,,,
0%,Copa América 2019,South America,0%,0%,0,18,https://www.betexplorer.com/soccer/south-america/copa-america/stats/
,,,,,,,
54%,Slovenian Cup 2018/2019,Slovenia,21%,25%,32,4,https://www.betexplorer.com/soccer/slovenia/slovenian-cup/stats/
,,,,,,,
23%,Copa Federacion 2018/2019,Spain,34%,44%,62,0,https://www.betexplorer.com/soccer/spain/copa-federacion/stats/
,,,,,,,
35%,Tercera Division - Group 16 2018/2019,Spain,19%,46%,310,70,https://www.betexplorer.com/soccer/spain/tercera-division-group-16/stats/
,,,,,,,
30%,Tercera Division - Group 14 2018/2019,Spain,27%,43%,310,70,https://www.betexplorer.com/soccer/spain/tercera-division-group-14/stats/
,,,,,,,
30%,Prva liga 2018/2019,Slovenia,27%,43%,120,60,https://www.betexplorer.com/soccer/slovenia/prva-liga/stats/
,,,,,,,
29%,Copa del Rey 2018/2019,Spain,28%,43%,111,1,https://www.betexplorer.com/soccer/spain/copa-del-rey/stats/
,,,,,,,
30%,Tercera Division - Group 15 2018/2019,Spain,29%,41%,310,70,https://www.betexplorer.com/soccer/spain/tercera-division-group-15/stats/
,,,,,,,
29%,2. SNL 2018/2019,Slovenia,25%,47%,167,73,https://www.betexplorer.com/soccer/slovenia/2-snl/stats/
,,,,,,,
31%,Tercera Division - Group 18 2018/2019,Spain,21%,48%,310,70,https://www.betexplorer.com/soccer/spain/tercera-division-group-18/stats/
,,,,,,,
29%,Tercera Division - Group 17 2018/2019,Spain,28%,42%,320,60,https://www.betexplorer.com/soccer/spain/tercera-division-group-17/stats/
,,,,,,,
21%,Tercera Division - Group 12 2018/2019,Spain,30%,49%,310,70,https://www.betexplorer.com/soccer/spain/tercera-division-group-12/stats/
,,,,,,,
27%,Tercera Division - Group 13 2018/2019,Spain,27%,46%,374,88,https://www.betexplorer.com/soccer/spain/tercera-division-group-13/stats/
,,,,,,,
29%,Tercera Division - Group 8 2018/2019,Spain,27%,44%,309,71,https://www.betexplorer.com/soccer/spain/tercera-division-group-8/stats/
,,,,,,,
27%,Tercera Division - Group 10 2018/2019,Spain,28%,45%,396,66,https://www.betexplorer.com/soccer/spain/tercera-division-group-10/stats/
,,,,,,,
29%,Tercera Division - Group 9 2018/2019,Spain,23%,48%,395,67,https://www.betexplorer.com/soccer/spain/tercera-division-group-9/stats/
,,,,,,,
30%,Tercera Division - Group 11 2018/2019,Spain,25%,45%,340,80,https://www.betexplorer.com/soccer/spain/tercera-division-group-11/stats/
,,,,,,,
24%,Tercera Division - Group 4 2018/2019,Spain,32%,45%,310,70,https://www.betexplorer.com/soccer/spain/tercera-division-group-4/stats/
,,,,,,,
24%,Segunda Division B - Group 3 2018/2019,Spain,37%,39%,317,63,https://www.betexplorer.com/soccer/spain/segunda-division-b-group-3/stats/
,,,,,,,
32%,Tercera Division - Group 1 2018/2019,Spain,27%,41%,300,80,https://www.betexplorer.com/soccer/spain/tercera-division-group-1/stats/
,,,,,,,
28%,Segunda Division B - Group 4 2018/2019,Spain,28%,43%,310,70,https://www.betexplorer.com/soccer/spain/segunda-division-b-group-4/stats/
,,,,,,,
23%,Segunda Division B - Group 1 2018/2019,Spain,31%,46%,310,70,https://www.betexplorer.com/soccer/spain/segunda-division-b-group-1/stats/
,,,,,,,
29%,Tercera Division - Group 3 2018/2019,Spain,26%,45%,310,70,https://www.betexplorer.com/soccer/spain/tercera-division-group-3/stats/
,,,,,,,
21%,LaLiga2 2018/2019,Spain,33%,45%,352,100,https://www.betexplorer.com/soccer/spain/laliga2/stats/
,,,,,,,
33%,Tercera Division - Group 5 2018/2019,Spain,27%,41%,350,70,https://www.betexplorer.com/soccer/spain/tercera-division-group-5/stats/
,,,,,,,
25%,Tercera Division - Group 6 2018/2019,Spain,31%,45%,310,70,https://www.betexplorer.com/soccer/spain/tercera-division-group-6/stats/
,,,,,,,
21%,Premier League 2018/2019,Sudan,32%,48%,107,5,https://www.betexplorer.com/soccer/sudan/premier-league/stats/
,,,,,,,
26%,Segunda Division B - Group 2 2018/2019,Spain,34%,40%,310,70,https://www.betexplorer.com/soccer/spain/segunda-division-b-group-2/stats/
,,,,,,,
32%,Tercera Division - Group 2 2018/2019,Spain,24%,44%,310,70,https://www.betexplorer.com/soccer/spain/tercera-division-group-2/stats/
,,,,,,,
29%,LaLiga 2018/2019,Spain,30%,41%,293,87,https://www.betexplorer.com/soccer/spain/laliga/stats/
,,,,,,,
31%,Tercera Division - Group 7 2018/2019,Spain,27%,42%,310,70,https://www.betexplorer.com/soccer/spain/tercera-division-group-7/stats/
,,,,,,,
33%,Champions League 2018/2019,Sri Lanka,22%,45%,136,0,https://www.betexplorer.com/soccer/sri-lanka/champions-league/stats/
,,,,,,,
61%,Slovak Cup 2018/2019,Slovakia,15%,24%,235,3,https://www.betexplorer.com/soccer/slovakia/slovak-cup/stats/
,,,,,,,
29%,Divison C Central 2018/2019,Slovakia,21%,51%,136,104,https://www.betexplorer.com/soccer/slovakia/divison-c-central/stats/
,,,,,,,
37%,Divison C Bratislava 2018/2019,Slovakia,16%,47%,150,90,https://www.betexplorer.com/soccer/slovakia/divison-c-bratislava/stats/
,,,,,,,
32%,Divison C East 2018/2019,Slovakia,11%,58%,133,66,https://www.betexplorer.com/soccer/slovakia/divison-c-east/stats/
,,,,,,,
40%,Premier League 2019,Singapore,20%,40%,15,93,https://www.betexplorer.com/soccer/singapore/premier-league/stats/
,,,,,,,
0%,Singapore Community Shield 2019,Singapore,100%,0%,1,0,https://www.betexplorer.com/soccer/singapore/singapore-community-shield/stats/
,,,,,,,
29%,Divison C West 2018/2019,Slovakia,23%,48%,148,78,https://www.betexplorer.com/soccer/slovakia/divison-c-west/stats/
,,,,,,,
24%,2. liga 2018/2019,Slovakia,24%,52%,168,72,https://www.betexplorer.com/soccer/slovakia/2-liga/stats/
,,,,,,,
17%,Fortuna liga 2018/2019,Slovakia,33%,50%,6,24,https://www.betexplorer.com/soccer/slovakia/fortuna-liga/stats/
,,,,,,,
26%,Prva liga 2005/2006,Serbia and Montenegro,21%,53%,240,0,https://www.betexplorer.com/soccer/serbia-and-montenegro/prva-liga/stats/
,,,,,,,
27%,Division One 2019,Seychelles,9%,64%,11,2,https://www.betexplorer.com/soccer/seychelles/division-one/stats/
,,,,,,,
43%,Serbian Cup 2018/2019,Serbia,11%,46%,28,4,https://www.betexplorer.com/soccer/serbia/serbian-cup/stats/
,,,,,,,
27%,Prva Liga 2018/2019,Serbia,23%,50%,240,0,https://www.betexplorer.com/soccer/serbia/prva-liga/stats/
,,,,,,,
39%,Challenge Cup 2018/2019,Scotland,27%,34%,57,0,https://www.betexplorer.com/soccer/scotland/challenge-cup/stats/
,,,,,,,
47%,Betfred Cup 2018/2019,Scotland,13%,40%,15,0,https://www.betexplorer.com/soccer/scotland/betfred-cup/stats/
,,,,,,,
25%,National Football league 2018/2019,Rwanda,25%,50%,175,65,https://www.betexplorer.com/soccer/rwanda/national-football-league/stats/
,,,,,,,
25%,FNL Cup 2019,Russia,75%,0%,4,0,https://www.betexplorer.com/soccer/russia/fnl-cup/stats/
,,,,,,,
33%,FA Cup 2018/2019,Scotland,15%,53%,89,2,https://www.betexplorer.com/soccer/scotland/fa-cup/stats/
,,,,,,,
35%,League One 2018/2019,Scotland,21%,45%,155,25,https://www.betexplorer.com/soccer/scotland/league-one/stats/
,,,,,,,
34%,Championship 2018/2019,Scotland,28%,38%,151,29,https://www.betexplorer.com/soccer/scotland/championship/stats/
,,,,,,,
37%,League Two 2018/2019,Scotland,17%,46%,155,25,https://www.betexplorer.com/soccer/scotland/league-two/stats/
,,,,,,,
39%,Highland League 2018/2019,Scotland,13%,48%,278,28,https://www.betexplorer.com/soccer/scotland/highland-league/stats/
,,,,,,,
36%,Lowland League 2018/2019,Scotland,21%,42%,192,21,https://www.betexplorer.com/soccer/scotland/lowland-league/stats/
,,,,,,,
34%,Premiership 2018/2019,Scotland,20%,46%,186,12,https://www.betexplorer.com/soccer/scotland/premiership/stats/
,,,,,,,
35%,King Cup 2019,Saudi Arabia,18%,47%,60,0,https://www.betexplorer.com/soccer/saudi-arabia/king-cup/stats/
,,,,,,,
21%,Ligue 1 2018/2019,Senegal,42%,37%,131,2,https://www.betexplorer.com/soccer/senegal/ligue-1/stats/
,,,,,,,
41%,Coppa Titano 2018/2019,San Marino,14%,45%,22,4,https://www.betexplorer.com/soccer/san-marino/coppa-titano/stats/
,,,,,,,
35%,Premier League 2019,Sierra Leone,38%,28%,73,7,https://www.betexplorer.com/soccer/sierra-leone/premier-league/stats/
,,,,,,,
28%,Super Liga 2018/2019,Serbia,25%,47%,227,13,https://www.betexplorer.com/soccer/serbia/super-liga/stats/
,,,,,,,
0%,Campionato Sammarinese 2018/2019,San Marino,0%,0%,0,6,https://www.betexplorer.com/soccer/san-marino/campionato-sammarinese/stats/
,,,,,,,
48%,Regionale 1 2019,Réunion,19%,33%,21,161,https://www.betexplorer.com/soccer/reunion/regionale-1/stats/
,,,,,,,
31%,Ligue 1 2018/2019,Republic of the Congo,21%,48%,87,4,https://www.betexplorer.com/soccer/republic-of-the-congo/ligue-1/stats/
,,,,,,,
70%,Romanian Cup Women 2018/2019,Romania,0%,30%,33,0,https://www.betexplorer.com/soccer/romania/romanian-cup-women/stats/
,,,,,,,
43%,Premier League 2018/2019,Qatar,17%,41%,120,12,https://www.betexplorer.com/soccer/qatar/premier-league/stats/
,,,,,,,
45%,Taça de Portugal 2018/2019,Portugal,18%,37%,165,1,https://www.betexplorer.com/soccer/portugal/taca-de-portugal/stats/
,,,,,,,
41%,PFL 2018,Philippines,14%,44%,76,1,https://www.betexplorer.com/soccer/philippines/pfl/stats/
,,,,,,,
50%,Polish Cup Women 2018/2019,Poland,17%,33%,12,2,https://www.betexplorer.com/soccer/poland/polish-cup-women/stats/
,,,,,,,
31%,Division 1 2018/2019,Poland,30%,39%,228,78,https://www.betexplorer.com/soccer/poland/division-1/stats/
,,,,,,,
0%,Primera Division 2019,Paraguay,0%,0%,0,132,https://www.betexplorer.com/soccer/paraguay/primera-division/stats/
,,,,,,,
21%,Liga 1 2019,Peru,32%,48%,63,90,https://www.betexplorer.com/soccer/peru/liga-1/stats/
,,,,,,,
40%,Ekstraliga Women 2018/2019,Poland,16%,44%,107,25,https://www.betexplorer.com/soccer/poland/ekstraliga-women/stats/
,,,,,,,
39%,LPF 2018/2019,Panama,26%,35%,59,31,https://www.betexplorer.com/soccer/panama/lpf/stats/
,,,,,,,
33%,West Bank League 2018/2019,Palestine,21%,46%,95,7,https://www.betexplorer.com/soccer/palestine/west-bank-league/stats/
,,,,,,,
38%,Central Youth League 2018/2019,Poland,21%,41%,165,75,https://www.betexplorer.com/soccer/poland/central-youth-league/stats/
,,,,,,,
40%,Division 2 2018/2019,Qatar,10%,50%,42,3,https://www.betexplorer.com/soccer/qatar/division-2/stats/
,,,,,,,
33%,QSL Cup 2018/2019,Qatar,0%,67%,8,0,https://www.betexplorer.com/soccer/qatar/qsl-cup/stats/
,,,,,,,
34%,III Liga - Group II 2018/2019,Poland,16%,50%,189,104,https://www.betexplorer.com/soccer/poland/iii-liga-group-ii/stats/
,,,,,,,
34%,III Liga - Group I 2018/2019,Poland,21%,46%,179,127,https://www.betexplorer.com/soccer/poland/iii-liga-group-i/stats/
,,,,,,,
30%,Ekstraklasa 2018/2019,Poland,26%,44%,220,20,https://www.betexplorer.com/soccer/poland/ekstraklasa/stats/
,,,,,,,
47%,Liga BPI Women 2018/2019,Portugal,13%,40%,108,24,https://www.betexplorer.com/soccer/portugal/liga-bpi-women/stats/
,,,,,,,
36%,Taça de Portugal Women 2018/2019,Portugal,0%,64%,14,2,https://www.betexplorer.com/soccer/portugal/taca-de-portugal-women/stats/
,,,,,,,
25%,Liga Revelacao U23 2018/2019,Portugal,44%,31%,16,14,https://www.betexplorer.com/soccer/portugal/liga-revelacao-u23/stats/
,,,,,,,
33%,League Cup 2018/2019,Portugal,67%,0%,3,0,https://www.betexplorer.com/soccer/portugal/league-cup/stats/
,,,,,,,
64%,Polish Cup 2018/2019,Poland,19%,17%,64,2,https://www.betexplorer.com/soccer/poland/polish-cup/stats/
,,,,,,,
31%,III Liga - Group III 2018/2019,Poland,23%,46%,188,118,https://www.betexplorer.com/soccer/poland/iii-liga-group-iii/stats/
,,,,,,,
27%,Segunda Liga 2018/2019,Portugal,23%,50%,243,63,https://www.betexplorer.com/soccer/portugal/segunda-liga/stats/
,,,,,,,
30%,Campeonato de Portugal 2018/2019,Portugal,26%,44%,1006,218,https://www.betexplorer.com/soccer/portugal/campeonato-de-portugal/stats/
,,,,,,,
33%,Primeira Liga 2018/2019,Portugal,21%,46%,243,63,https://www.betexplorer.com/soccer/portugal/primeira-liga/stats/
,,,,,,,
25%,III Liga - Group IV 2018/2019,Poland,28%,47%,189,117,https://www.betexplorer.com/soccer/poland/iii-liga-group-iv/stats/
,,,,,,,
24%,Division 2 2018/2019,Poland,29%,47%,232,74,https://www.betexplorer.com/soccer/poland/division-2/stats/
,,,,,,,
53%,Romanian Cup 2018/2019,Romania,18%,28%,95,4,https://www.betexplorer.com/soccer/romania/romanian-cup/stats/
,,,,,,,
44%,Liga 1 2018/2019,Romania,11%,44%,9,21,https://www.betexplorer.com/soccer/romania/liga-1/stats/
,,,,,,,
37%,Superliga Women 2018/2019,Romania,14%,49%,51,21,https://www.betexplorer.com/soccer/romania/superliga-women/stats/
,,,,,,,
26%,Liga 2 2018/2019,Romania,22%,52%,270,110,https://www.betexplorer.com/soccer/romania/liga-2/stats/
,,,,,,,
29%,Irish League Cup 2018/2019,Northern Ireland,26%,46%,35,0,https://www.betexplorer.com/soccer/northern-ireland/irish-league-cup/stats/
,,,,,,,
59%,Macedonian Cup 2018/2019,North Macedonia,8%,33%,39,2,https://www.betexplorer.com/soccer/north-macedonia/macedonian-cup/stats/
,,,,,,,
32%,Premier League 2018/2019,Pakistan,30%,38%,182,0,https://www.betexplorer.com/soccer/pakistan/premier-league/stats/
,,,,,,,
44%,Sultan Cup 2018/2019,Oman,22%,33%,36,1,https://www.betexplorer.com/soccer/oman/sultan-cup/stats/
,,,,,,,
38%,Irish Cup 2018/2019,Northern Ireland,9%,53%,124,1,https://www.betexplorer.com/soccer/northern-ireland/irish-cup/stats/
,,,,,,,
22%,NIFL Championship 2018/2019,Northern Ireland,6%,72%,18,12,https://www.betexplorer.com/soccer/northern-ireland/nifl-championship/stats/
,,,,,,,
0%,CFU Club Championship 2019,North & Central America,0%,0%,0,15,https://www.betexplorer.com/soccer/north-central-america/cfu-club-championship/stats/
,,,,,,,
35%,CONCACAF Championship U17 2019,North & Central America,17%,48%,27,9,https://www.betexplorer.com/soccer/north-central-america/concacaf-championship-u17/stats/
,,,,,,,
37%,Ligue 1 2018/2019,Niger,29%,35%,84,7,https://www.betexplorer.com/soccer/niger/ligue-1/stats/
,,,,,,,
11%,NPFL 2019,Nigeria,25%,64%,148,116,https://www.betexplorer.com/soccer/nigeria/npfl/stats/
,,,,,,,
33%,Football Championship 2018/2019,New Zealand,0%,67%,3,0,https://www.betexplorer.com/soccer/new-zealand/football-championship/stats/
,,,,,,,
0%,Norway Cup Women 2019,Norway,0%,0%,0,20,https://www.betexplorer.com/soccer/norway/norway-cup-women/stats/
,,,,,,,
25%,Eredivisie Women 2018/2019,Netherlands,25%,50%,12,8,https://www.betexplorer.com/soccer/netherlands/eredivisie-women/stats/
,,,,,,,
30%,Primera Division 2018/2019,Nicaragua,20%,50%,55,35,https://www.betexplorer.com/soccer/nicaragua/primera-division/stats/
,,,,,,,
42%,KNVB Beker Women 2018/2019,Netherlands,5%,53%,19,2,https://www.betexplorer.com/soccer/netherlands/knvb-beker-women/stats/
,,,,,,,
31%,MTC Premiership 2018/2019,Namibia,30%,39%,114,1,https://www.betexplorer.com/soccer/namibia/mtc-premiership/stats/
,,,,,,,
23%,Reserve League 2018/2019,Netherlands,31%,46%,26,19,https://www.betexplorer.com/soccer/netherlands/reserve-league/stats/
,,,,,,,
40%,KNVB Beker 2018/2019,Netherlands,20%,40%,105,1,https://www.betexplorer.com/soccer/netherlands/knvb-beker/stats/
,,,,,,,
34%,Tweede Divisie 2018/2019,Netherlands,20%,45%,241,65,https://www.betexplorer.com/soccer/netherlands/tweede-divisie/stats/
,,,,,,,
35%,Eerste Divisie 2018/2019,Netherlands,23%,43%,320,60,https://www.betexplorer.com/soccer/netherlands/eerste-divisie/stats/
,,,,,,,
38%,Derde Divisie 2018/2019,Netherlands,17%,45%,477,135,https://www.betexplorer.com/soccer/netherlands/derde-divisie/stats/
,,,,,,,
31%,Eredivisie 2018/2019,Netherlands,20%,49%,246,60,https://www.betexplorer.com/soccer/netherlands/eredivisie/stats/
,,,,,,,
33%,Toppserien Women 2019,Norway,33%,33%,12,120,https://www.betexplorer.com/soccer/norway/toppserien-women/stats/
,,,,,,,
0%,Junior U19 2019,Norway,0%,0%,0,30,https://www.betexplorer.com/soccer/norway/junior-u19/stats/
,,,,,,,
0%,Division 3 - Group 5 2019,Norway,0%,0%,0,182,https://www.betexplorer.com/soccer/norway/division-3-group-5/stats/
,,,,,,,
0%,Division 3 - Group 4 2019,Norway,0%,0%,0,182,https://www.betexplorer.com/soccer/norway/division-3-group-4/stats/
,,,,,,,
0%,Super Cup 2019,Norway,0%,0%,0,1,https://www.betexplorer.com/soccer/norway/super-cup/stats/
,,,,,,,
0%,Division 3 - Group 6 2019,Norway,0%,0%,0,182,https://www.betexplorer.com/soccer/norway/division-3-group-6/stats/
,,,,,,,
0%,Division 3 - Group 1 2019,Norway,0%,0%,0,182,https://www.betexplorer.com/soccer/norway/division-3-group-1/stats/
,,,,,,,
0%,Division 3 - Group 3 2019,Norway,0%,0%,0,182,https://www.betexplorer.com/soccer/norway/division-3-group-3/stats/
,,,,,,,
0%,Division 3 - Group 2 2019,Norway,0%,0%,0,182,https://www.betexplorer.com/soccer/norway/division-3-group-2/stats/
,,,,,,,
0%,Division 2 - Group 2 2019,Norway,0%,0%,0,182,https://www.betexplorer.com/soccer/norway/division-2-group-2/stats/
,,,,,,,
0%,Division 2 - Group 1 2019,Norway,0%,0%,0,182,https://www.betexplorer.com/soccer/norway/division-2-group-1/stats/
,,,,,,,
25%,CONCACAF Champions League 2019,North & Central America,8%,67%,24,4,https://www.betexplorer.com/soccer/north-central-america/concacaf-champions-league/stats/
,,,,,,,
0%,NIFL Premiership 2018/2019,Northern Ireland,0%,0%,0,15,https://www.betexplorer.com/soccer/northern-ireland/nifl-premiership/stats/
,,,,,,,
27%,Division 1 2018/2019,North Macedonia,24%,49%,190,80,https://www.betexplorer.com/soccer/north-macedonia/division-1/stats/
,,,,,,,
13%,Eliteserien 2019,Norway,25%,63%,8,232,https://www.betexplorer.com/soccer/norway/eliteserien/stats/
,,,,,,,
29%,OBOS-ligaen 2019,Norway,29%,43%,7,233,https://www.betexplorer.com/soccer/norway/obos-ligaen/stats/
,,,,,,,
27%,Professional League 2018/2019,Oman,28%,45%,126,0,https://www.betexplorer.com/soccer/oman/professional-league/stats/
,,,,,,,
28%,First League 2018/2019,North Macedonia,26%,46%,129,51,https://www.betexplorer.com/soccer/north-macedonia/first-league/stats/
,,,,,,,
25%,National League 2019,Myanmar,31%,44%,36,96,https://www.betexplorer.com/soccer/myanmar/national-league/stats/
,,,,,,,
0%,Mocambola 2019,Mozambique,0%,0%,0,8,https://www.betexplorer.com/soccer/mozambique/mocambola/stats/
,,,,,,,
58%,Montenegrin Cup 2018/2019,Montenegro,13%,29%,33,0,https://www.betexplorer.com/soccer/montenegro/montenegrin-cup/stats/
,,,,,,,
34%,Prva Crnogorska Liga 2018/2019,Montenegro,34%,32%,135,45,https://www.betexplorer.com/soccer/montenegro/prva-crnogorska-liga/stats/
,,,,,,,
0%,Super Cup 2019,Moldova,100%,0%,1,0,https://www.betexplorer.com/soccer/moldova/super-cup/stats/
,,,,,,,
36%,Mauritian League 2018/2019,Mauritius,34%,30%,70,20,https://www.betexplorer.com/soccer/mauritius/mauritian-league/stats/
,,,,,,,
47%,FA Trophy 2018/2019,Malta,14%,39%,59,4,https://www.betexplorer.com/soccer/malta/fa-trophy/stats/
,,,,,,,
42%,Premier League 2018/2019,Malta,19%,39%,154,28,https://www.betexplorer.com/soccer/malta/premier-league/stats/
,,,,,,,
27%,Super D1 2018/2019,Mauritania,33%,40%,147,35,https://www.betexplorer.com/soccer/mauritania/super-d1/stats/
,,,,,,,
20%,Botola 2 2018/2019,Morocco,40%,40%,208,32,https://www.betexplorer.com/soccer/morocco/botola-2/stats/
,,,,,,,
8%,Copa Mexico 2018/2019,Mexico,38%,54%,13,1,https://www.betexplorer.com/soccer/mexico/copa-mexico/stats/
,,,,,,,
39%,Liga MX Women 2018/2019,Mexico,18%,43%,120,24,https://www.betexplorer.com/soccer/mexico/liga-mx-women/stats/
,,,,,,,
35%,Premiere Division 2017,Mali,24%,41%,198,0,https://www.betexplorer.com/soccer/mali/premiere-division/stats/
,,,,,,,
26%,Division 2 2018/2019,Montenegro,31%,43%,125,55,https://www.betexplorer.com/soccer/montenegro/division-2/stats/
,,,,,,,
22%,Botola Pro 2018/2019,Morocco,37%,42%,178,62,https://www.betexplorer.com/soccer/morocco/botola-pro/stats/
,,,,,,,
38%,Division 1 2018/2019,Malta,24%,38%,150,32,https://www.betexplorer.com/soccer/malta/division-1/stats/
,,,,,,,
30%,Primera Division 2018/2019,Mexico,22%,48%,108,45,https://www.betexplorer.com/soccer/mexico/primera-division/stats/
,,,,,,,
50%,Divizia Nationala 2019,Moldova,8%,42%,12,100,https://www.betexplorer.com/soccer/moldova/divizia-nationala/stats/
,,,,,,,
24%,Liga de Ascenso 2018/2019,Mexico,30%,46%,91,14,https://www.betexplorer.com/soccer/mexico/liga-de-ascenso/stats/
,,,,,,,
0%,Super League 2019,Malawi,0%,0%,0,10,https://www.betexplorer.com/soccer/malawi/super-league/stats/
,,,,,,,
33%,FA Cup 2019,Malaysia,8%,58%,24,1,https://www.betexplorer.com/soccer/malaysia/fa-cup/stats/
,,,,,,,
34%,Premier League 2019,Malaysia,26%,39%,38,10,https://www.betexplorer.com/soccer/malaysia/premier-league/stats/
,,,,,,,
43%,Elite League 2019,Macao,11%,46%,35,20,https://www.betexplorer.com/soccer/macao/elite-league/stats/
,,,,,,,
0%,Super Cup 2019,Lithuania,0%,100%,1,0,https://www.betexplorer.com/soccer/lithuania/super-cup/stats/
,,,,,,,
82%,Liechtenstein Cup 2018/2019,Liechtenstein,0%,18%,11,2,https://www.betexplorer.com/soccer/liechtenstein/liechtenstein-cup/stats/
,,,,,,,
61%,Luxembourg Cup 2018/2019,Luxembourg,23%,16%,56,4,https://www.betexplorer.com/soccer/luxembourg/luxembourg-cup/stats/
,,,,,,,
34%,LFA First Division 2019,Liberia,26%,39%,38,94,https://www.betexplorer.com/soccer/liberia/lfa-first-division/stats/
,,,,,,,
19%,A Lyga 2019,Lithuania,19%,63%,16,96,https://www.betexplorer.com/soccer/lithuania/a-lyga/stats/
,,,,,,,
21%,Premier League 2018/2019,Libya,35%,44%,114,0,https://www.betexplorer.com/soccer/libya/premier-league/stats/
,,,,,,,
33%,National Division 2018/2019,Luxembourg,21%,46%,126,56,https://www.betexplorer.com/soccer/luxembourg/national-division/stats/
,,,,,,,
27%,Super League 2019,Malaysia,32%,41%,41,91,https://www.betexplorer.com/soccer/malaysia/super-league/stats/
,,,,,,,
23%,I Lyga 2019,Lithuania,23%,54%,13,59,https://www.betexplorer.com/soccer/lithuania/i-lyga/stats/
,,,,,,,
42%,Optibet Virsliga 2019,Latvia,0%,58%,12,132,https://www.betexplorer.com/soccer/latvia/optibet-virsliga/stats/
,,,,,,,
0%,1. Liga 2019,Latvia,0%,0%,0,135,https://www.betexplorer.com/soccer/latvia/1-liga/stats/
,,,,,,,
37%,Premier League 2018/2019,Lebanon,25%,38%,114,18,https://www.betexplorer.com/soccer/lebanon/premier-league/stats/
,,,,,,,
33%,Premier League 2018/2019,Lesotho,26%,41%,145,1,https://www.betexplorer.com/soccer/lesotho/premier-league/stats/
,,,,,,,
21%,Dhivehi Premier League 2018,Maldives,11%,68%,28,0,https://www.betexplorer.com/soccer/maldives/dhivehi-premier-league/stats/
,,,,,,,
20%,Male League 2018,Maldives,21%,59%,56,0,https://www.betexplorer.com/soccer/maldives/male-league/stats/
,,,,,,,
33%,Kosovar Cup 2018/2019,Kosovo,42%,25%,12,4,https://www.betexplorer.com/soccer/kosovo/kosovar-cup/stats/
,,,,,,,
0%,Premier Liga 2019,Kyrgyzstan,0%,0%,0,29,https://www.betexplorer.com/soccer/kyrgyzstan/premier-liga/stats/
,,,,,,,
23%,Persian Gulf Pro League 2018/2019,Iran,40%,37%,183,57,https://www.betexplorer.com/soccer/iran/persian-gulf-pro-league/stats/
,,,,,,,
28%,Hazfi Cup 2018/2019,Iran,45%,28%,29,1,https://www.betexplorer.com/soccer/iran/hazfi-cup/stats/
,,,,,,,
29%,Ligue 1 2018/2019,Ivory Coast,30%,40%,146,7,https://www.betexplorer.com/soccer/ivory-coast/ligue-1/stats/
,,,,,,,
42%,NB I Women 2018/2019,Hungary,16%,42%,64,20,https://www.betexplorer.com/soccer/hungary/nb-i-women/stats/
,,,,,,,
29%,Merkantil Bank Liga 2018/2019,Hungary,28%,43%,300,80,https://www.betexplorer.com/soccer/hungary/merkantil-bank-liga/stats/
,,,,,,,
30%,Super League 2018/2019,Iraq,34%,36%,199,181,https://www.betexplorer.com/soccer/iraq/super-league/stats/
,,,,,,,
25%,OTP Bank Liga 2018/2019,Hungary,24%,51%,156,42,https://www.betexplorer.com/soccer/hungary/otp-bank-liga/stats/
,,,,,,,
66%,Hungarian Cup 2018/2019,Hungary,16%,18%,134,2,https://www.betexplorer.com/soccer/hungary/hungarian-cup/stats/
,,,,,,,
33%,Reykjavik Cup 2019,Iceland,0%,67%,3,0,https://www.betexplorer.com/soccer/iceland/reykjavik-cup/stats/
,,,,,,,
0%,Super Cup 2019,Iceland,0%,0%,0,1,https://www.betexplorer.com/soccer/iceland/super-cup/stats/
,,,,,,,
50%,Fotbolti.net Cup 2019,Iceland,0%,50%,2,0,https://www.betexplorer.com/soccer/iceland/fotbolti-net-cup/stats/
,,,,,,,
0%,Super Cup 2019,Kazakhstan,0%,100%,1,0,https://www.betexplorer.com/soccer/kazakhstan/super-cup/stats/
,,,,,,,
25%,Premier League 2018/2019,Kenya,33%,42%,175,131,https://www.betexplorer.com/soccer/kenya/premier-league/stats/
,,,,,,,
34%,Superliga 2018/2019,Kosovo,20%,47%,148,8,https://www.betexplorer.com/soccer/kosovo/superliga/stats/
,,,,,,,
0%,Icelandic Cup 2019,Iceland,0%,0%,0,30,https://www.betexplorer.com/soccer/iceland/icelandic-cup/stats/
,,,,,,,
30%,State Cup 2018/2019,Israel,15%,55%,47,1,https://www.betexplorer.com/soccer/israel/state-cup/stats/
,,,,,,,
0%,Inkasso-deildin 2019,Iceland,0%,0%,0,132,https://www.betexplorer.com/soccer/iceland/inkasso-deildin/stats/
,,,,,,,
0%,League Cup 2019,Iceland,0%,100%,2,1,https://www.betexplorer.com/soccer/iceland/league-cup/stats/
,,,,,,,
0%,Division 2 2019,Iceland,0%,0%,0,132,https://www.betexplorer.com/soccer/iceland/division-2/stats/
,,,,,,,
0%,Pepsideild 2019,Iceland,0%,0%,0,132,https://www.betexplorer.com/soccer/iceland/pepsideild/stats/
,,,,,,,
100%,Super Cup 2019,Ireland,0%,0%,1,0,https://www.betexplorer.com/soccer/ireland/super-cup/stats/
,,,,,,,
21%,League Cup 2019,Ireland,21%,57%,14,0,https://www.betexplorer.com/soccer/ireland/league-cup/stats/
,,,,,,,
0%,Leumit League 2018/2019,Israel,0%,0%,0,4,https://www.betexplorer.com/soccer/israel/leumit-league/stats/
,,,,,,,
41%,Division 1 2019,Ireland,10%,48%,29,106,https://www.betexplorer.com/soccer/ireland/division-1/stats/
,,,,,,,
50%,Ligat ha'Al 2018/2019,Israel,17%,33%,6,24,https://www.betexplorer.com/soccer/israel/ligat-ha-al/stats/
,,,,,,,
0%,FAI Cup 2019,Ireland,0%,0%,0,8,https://www.betexplorer.com/soccer/ireland/fai-cup/stats/
,,,,,,,
60%,Hero Super Cup 2019,India,0%,40%,12,4,https://www.betexplorer.com/soccer/india/hero-super-cup/stats/
,,,,,,,
27%,Premier Division 2019,Ireland,22%,51%,37,143,https://www.betexplorer.com/soccer/ireland/premier-division/stats/
,,,,,,,
20%,Division 1 2018/2019,Iran,37%,43%,205,35,https://www.betexplorer.com/soccer/iran/division-1/stats/
,,,,,,,
33%,President Cup 2019,Indonesia,17%,50%,6,2,https://www.betexplorer.com/soccer/indonesia/president-cup/stats/
,,,,,,,
38%,Serie A Women 2018/2019,Italy,14%,48%,121,12,https://www.betexplorer.com/soccer/italy/serie-a-women/stats/
,,,,,,,
28%,Coppa Italia Primavera 2018/2019,Italy,21%,51%,39,2,https://www.betexplorer.com/soccer/italy/coppa-italia-primavera/stats/
,,,,,,,
34%,Primavera 2 2018/2019,Italy,20%,46%,220,22,https://www.betexplorer.com/soccer/italy/primavera-2/stats/
,,,,,,,
30%,Serie D - Group H 2018/2019,Italy,26%,44%,261,45,https://www.betexplorer.com/soccer/italy/serie-d-group-h/stats/
,,,,,,,
18%,Coppa Italia Serie C 2018/2019,Italy,30%,53%,40,1,https://www.betexplorer.com/soccer/italy/coppa-italia-serie-c/stats/
,,,,,,,
39%,Primavera 1 2018/2019,Italy,21%,40%,183,57,https://www.betexplorer.com/soccer/italy/primavera-1/stats/
,,,,,,,
24%,Coppa Italia 2018/2019,Italy,22%,54%,76,2,https://www.betexplorer.com/soccer/italy/coppa-italia/stats/
,,,,,,,
29%,Serie D - Group G 2018/2019,Italy,23%,47%,330,50,https://www.betexplorer.com/soccer/italy/serie-d-group-g/stats/
,,,,,,,
28%,Serie D - Group F 2018/2019,Italy,31%,41%,330,50,https://www.betexplorer.com/soccer/italy/serie-d-group-f/stats/
,,,,,,,
25%,Serie D - Group I 2018/2019,Italy,31%,44%,260,46,https://www.betexplorer.com/soccer/italy/serie-d-group-i/stats/
,,,,,,,
27%,Serie D - Group D 2018/2019,Italy,32%,41%,261,45,https://www.betexplorer.com/soccer/italy/serie-d-group-d/stats/
,,,,,,,
27%,Serie D - Group E 2018/2019,Italy,29%,44%,330,50,https://www.betexplorer.com/soccer/italy/serie-d-group-e/stats/
,,,,,,,
35%,Serie D - Group B 2018/2019,Italy,27%,38%,261,45,https://www.betexplorer.com/soccer/italy/serie-d-group-b/stats/
,,,,,,,
29%,Serie D - Group C 2018/2019,Italy,32%,39%,261,45,https://www.betexplorer.com/soccer/italy/serie-d-group-c/stats/
,,,,,,,
31%,Serie D - Group A 2018/2019,Italy,31%,38%,261,45,https://www.betexplorer.com/soccer/italy/serie-d-group-a/stats/
,,,,,,,
25%,Serie C - Group C 2018/2019,Italy,30%,45%,294,43,https://www.betexplorer.com/soccer/italy/serie-c-group-c/stats/
,,,,,,,
26%,Serie C - Group B 2018/2019,Italy,38%,36%,329,51,https://www.betexplorer.com/soccer/italy/serie-c-group-b/stats/
,,,,,,,
27%,Serie C - Group A 2018/2019,Italy,34%,39%,335,46,https://www.betexplorer.com/soccer/italy/serie-c-group-a/stats/
,,,,,,,
0%,Kazakhstan Cup 2019,Kazakhstan,0%,0%,0,8,https://www.betexplorer.com/soccer/kazakhstan/kazakhstan-cup/stats/
,,,,,,,
22%,Serie B 2018/2019,Italy,34%,44%,277,65,https://www.betexplorer.com/soccer/italy/serie-b/stats/
,,,,,,,
29%,Serie A 2018/2019,Italy,28%,43%,291,89,https://www.betexplorer.com/soccer/italy/serie-a/stats/
,,,,,,,
14%,Emir Cup 2019,Kuwait,43%,43%,7,4,https://www.betexplorer.com/soccer/kuwait/emir-cup/stats/
,,,,,,,
25%,Premier League 2018/2019,Jamaica,50%,25%,4,4,https://www.betexplorer.com/soccer/jamaica/premier-league/stats/
,,,,,,,
40%,Football Championships Women 2019,Japan,13%,47%,15,75,https://www.betexplorer.com/soccer/japan/football-championships-women/stats/
,,,,,,,
37%,Premier League 2019,Kazakhstan,5%,58%,19,113,https://www.betexplorer.com/soccer/kazakhstan/premier-league/stats/
,,,,,,,
19%,Jordan Cup 2018/2019,Jordan,19%,62%,26,0,https://www.betexplorer.com/soccer/jordan/jordan-cup/stats/
,,,,,,,
0%,Super Cup 2019,Japan,0%,100%,1,0,https://www.betexplorer.com/soccer/japan/super-cup/stats/
,,,,,,,
33%,Premier League 2018/2019,Jordan,24%,44%,101,31,https://www.betexplorer.com/soccer/jordan/premier-league/stats/
,,,,,,,
13%,YBC Levain Cup 2019,Japan,25%,63%,16,32,https://www.betexplorer.com/soccer/japan/ybc-levain-cup/stats/
,,,,,,,
44%,J-League 2019,Japan,24%,31%,45,261,https://www.betexplorer.com/soccer/japan/j-league/stats/
,,,,,,,
36%,J-League Division 2 2019,Japan,22%,42%,77,385,https://www.betexplorer.com/soccer/japan/j-league-division-2/stats/
,,,,,,,
17%,FA Cup 2018/2019,Hong Kong,33%,50%,6,2,https://www.betexplorer.com/soccer/hong-kong/fa-cup/stats/
,,,,,,,
22%,Senior Shield 2018/2019,Hong Kong,11%,67%,9,0,https://www.betexplorer.com/soccer/hong-kong/senior-shield/stats/
,,,,,,,
30%,Premier League 2018/2019,Hong Kong,27%,44%,71,19,https://www.betexplorer.com/soccer/hong-kong/premier-league/stats/
,,,,,,,
29%,Liga Nacional 2018/2019,Honduras,31%,40%,65,25,https://www.betexplorer.com/soccer/honduras/liga-nacional/stats/
,,,,,,,
17%,Liga Nacional 2018/2019,Guatemala,26%,57%,85,47,https://www.betexplorer.com/soccer/guatemala/liga-nacional/stats/
,,,,,,,
18%,Championnat National 2019,Haiti,36%,45%,47,9,https://www.betexplorer.com/soccer/haiti/championnat-national/stats/
,,,,,,,
27%,Ligue 1 2018/2019,Guinea,36%,37%,106,3,https://www.betexplorer.com/soccer/guinea/ligue-1/stats/
,,,,,,,
100%,Super Cup 2019,Georgia,0%,0%,1,0,https://www.betexplorer.com/soccer/georgia/super-cup/stats/
,,,,,,,
17%,Greek Cup 2018/2019,Greece,25%,58%,24,4,https://www.betexplorer.com/soccer/greece/greek-cup/stats/
,,,,,,,
25%,Telekom Cup - winter 2019,Germany,50%,25%,4,0,https://www.betexplorer.com/soccer/germany/telekom-cup-winter/stats/
,,,,,,,
12%,Premier League 2018,Ghana,26%,62%,117,3,https://www.betexplorer.com/soccer/ghana/premier-league/stats/
,,,,,,,
62%,Gibraltar Cup 2019,Gibraltar,8%,31%,13,2,https://www.betexplorer.com/soccer/gibraltar/gibraltar-cup/stats/
,,,,,,,
50%,Coupe de France Women 2018/2019,France,14%,36%,14,1,https://www.betexplorer.com/soccer/france/coupe-de-france-women/stats/
,,,,,,,
34%,Division 1 Women 2018/2019,France,20%,46%,114,18,https://www.betexplorer.com/soccer/france/division-1-women/stats/
,,,,,,,
29%,Division C 2018/2019,Greece,26%,45%,1227,101,https://www.betexplorer.com/soccer/greece/division-c/stats/
,,,,,,,
33%,Liiga Women 2019,Finland,33%,33%,6,84,https://www.betexplorer.com/soccer/finland/liiga-women/stats/
,,,,,,,
75%,Suomen Cup 2019,Finland,25%,0%,12,0,https://www.betexplorer.com/soccer/finland/suomen-cup/stats/
,,,,,,,
20%,Euro U21 2021,Europe,20%,60%,5,255,https://www.betexplorer.com/soccer/europe/euro-u21-2021/stats/
,,,,,,,
0%,Kakkonen Group C 2019,Finland,0%,0%,0,132,https://www.betexplorer.com/soccer/finland/kakkonen-group-c/stats/
,,,,,,,
0%,Kakkonen Group B 2019,Finland,0%,0%,0,132,https://www.betexplorer.com/soccer/finland/kakkonen-group-b/stats/
,,,,,,,
0%,Kakkonen Group A 2019,Finland,0%,0%,0,132,https://www.betexplorer.com/soccer/finland/kakkonen-group-a/stats/
,,,,,,,
0%,Super Cup 2019,Faroe Islands,0%,100%,1,0,https://www.betexplorer.com/soccer/faroe-islands/super-cup/stats/
,,,,,,,
0%,Ykkonen 2019,Finland,0%,0%,0,135,https://www.betexplorer.com/soccer/finland/ykkonen/stats/
,,,,,,,
0%,Veikkausliiga 2019,Finland,0%,0%,0,132,https://www.betexplorer.com/soccer/finland/veikkausliiga/stats/
,,,,,,,
0%,Faroe Islands Cup 2019,Faroe Islands,0%,0%,0,8,https://www.betexplorer.com/soccer/faroe-islands/faroe-islands-cup/stats/
,,,,,,,
30%,Coupe de la Ligue 2018/2019,France,33%,37%,43,0,https://www.betexplorer.com/soccer/france/coupe-de-la-ligue/stats/
,,,,,,,
13%,Premier League 2019,Faroe Islands,27%,60%,15,120,https://www.betexplorer.com/soccer/faroe-islands/premier-league/stats/
,,,,,,,
26%,National 2 - Group D 2018/2019,France,32%,42%,183,57,https://www.betexplorer.com/soccer/france/national-2-group-d/stats/
,,,,,,,
23%,National 2 - Group C 2018/2019,France,31%,46%,184,56,https://www.betexplorer.com/soccer/france/national-2-group-c/stats/
,,,,,,,
42%,Coupe de France 2018/2019,France,24%,34%,193,1,https://www.betexplorer.com/soccer/france/coupe-de-france/stats/
,,,,,,,
24%,National 2 - Group B 2018/2019,France,30%,46%,184,56,https://www.betexplorer.com/soccer/france/national-2-group-b/stats/
,,,,,,,
30%,National 2 - Group A 2018/2019,France,26%,45%,183,57,https://www.betexplorer.com/soccer/france/national-2-group-a/stats/
,,,,,,,
27%,National 2018/2019,France,31%,42%,251,55,https://www.betexplorer.com/soccer/france/national/stats/
,,,,,,,
31%,Ligue 2 2018/2019,France,29%,40%,300,80,https://www.betexplorer.com/soccer/france/ligue-2/stats/
,,,,,,,
29%,Ligue 1 2018/2019,France,29%,42%,296,84,https://www.betexplorer.com/soccer/france/ligue-1/stats/
,,,,,,,
23%,Championnat D1 2019,Gabon,31%,46%,35,25,https://www.betexplorer.com/soccer/gabon/championnat-d1/stats/
,,,,,,,
25%,GFA League 2018/2019,Gambia,48%,27%,116,8,https://www.betexplorer.com/soccer/gambia/gfa-league/stats/
,,,,,,,
0%,Georgian Cup 2019,Georgia,0%,0%,0,16,https://www.betexplorer.com/soccer/georgia/georgian-cup/stats/
,,,,,,,
29%,Crystalbet Erovnuli Liga 2019,Georgia,25%,46%,28,152,https://www.betexplorer.com/soccer/georgia/crystalbet-erovnuli-liga/stats/
,,,,,,,
28%,Football League 2018/2019,Greece,25%,47%,200,35,https://www.betexplorer.com/soccer/greece/football-league/stats/
,,,,,,,
26%,Super League 2018/2019,Greece,24%,50%,208,32,https://www.betexplorer.com/soccer/greece/super-league/stats/
,,,,,,,
0%,Super Cup 2019,Estonia,0%,100%,1,0,https://www.betexplorer.com/soccer/estonia/super-cup/stats/
,,,,,,,
53%,Meistriliiga 2019,Estonia,18%,29%,17,163,https://www.betexplorer.com/soccer/estonia/meistriliiga/stats/
,,,,,,,
27%,Esiliiga 2019,Estonia,7%,67%,15,165,https://www.betexplorer.com/soccer/estonia/esiliiga/stats/
,,,,,,,
14%,Women's League Cup 2018/2019,England,14%,71%,7,0,https://www.betexplorer.com/soccer/england/women-s-league-cup/stats/
,,,,,,,
29%,Primera Division 2018/2019,El Salvador,30%,42%,78,54,https://www.betexplorer.com/soccer/el-salvador/primera-division/stats/
,,,,,,,
45%,Women’s FA Cup 2018/2019,England,12%,42%,74,2,https://www.betexplorer.com/soccer/england/women-s-fa-cup/stats/
,,,,,,,
50%,C-League 2019,Cambodia,14%,36%,14,70,https://www.betexplorer.com/soccer/cambodia/c-league/stats/
,,,,,,,
30%,Premier League 2018/2019,Botswana,27%,43%,191,9,https://www.betexplorer.com/soccer/botswana/premier-league/stats/
,,,,,,,
41%,Women’s Championship 2018/2019,England,11%,48%,92,18,https://www.betexplorer.com/soccer/england/women-s-championship/stats/
,,,,,,,
33%,Ligue A 2018/2019,Burundi,27%,41%,224,16,https://www.betexplorer.com/soccer/burundi/ligue-a/stats/
,,,,,,,
52%,Bulgarian Cup 2018/2019,Bulgaria,28%,20%,25,3,https://www.betexplorer.com/soccer/bulgaria/bulgarian-cup/stats/
,,,,,,,
39%,Brasileiro Women 2019,Brazil,13%,48%,23,97,https://www.betexplorer.com/soccer/brazil/brasileiro-women/stats/
,,,,,,,
33%,Premier League 2018/2019,Burkina Faso,32%,35%,181,59,https://www.betexplorer.com/soccer/burkina-faso/premier-league/stats/
,,,,,,,
28%,Vtora liga 2018/2019,Bulgaria,25%,47%,176,64,https://www.betexplorer.com/soccer/bulgaria/vtora-liga/stats/
,,,,,,,
30%,Parva Liga 2018/2019,Bulgaria,18%,52%,182,0,https://www.betexplorer.com/soccer/bulgaria/parva-liga/stats/
,,,,,,,
43%,Women’s Super League 2018/2019,England,16%,41%,93,17,https://www.betexplorer.com/soccer/england/women-s-super-league/stats/
,,,,,,,
27%,Copa Sao Paulo de juniores 2019,Brazil,30%,43%,63,0,https://www.betexplorer.com/soccer/brazil/copa-sao-paulo-de-juniores/stats/
,,,,,,,
0%,Copa do Nordeste 2019,Brazil,0%,0%,0,4,https://www.betexplorer.com/soccer/brazil/copa-do-nordeste/stats/
,,,,,,,
50%,Copa do Brasil U20 2019,Brazil,13%,38%,24,8,https://www.betexplorer.com/soccer/brazil/copa-do-brasil-u20/stats/
,,,,,,,
35%,Copa do Brasil 2019,Brazil,35%,30%,65,14,https://www.betexplorer.com/soccer/brazil/copa-do-brasil/stats/
,,,,,,,
13%,Campeonato Sul-Matogrossense 2019,Brazil,25%,63%,8,4,https://www.betexplorer.com/soccer/brazil/campeonato-sul-matogrossense/stats/
,,,,,,,
9%,Campeonato Sergipano 2019,Brazil,55%,36%,11,4,https://www.betexplorer.com/soccer/brazil/campeonato-sergipano/stats/
,,,,,,,
23%,Campeonato Paranaense 2019,Brazil,20%,57%,30,0,https://www.betexplorer.com/soccer/brazil/campeonato-paranaense/stats/
,,,,,,,
0%,Campeonato Paraense 2019,Brazil,0%,0%,0,4,https://www.betexplorer.com/soccer/brazil/campeonato-paraense/stats/
,,,,,,,
0%,Campeonato Piauiense 2019,Brazil,0%,0%,0,4,https://www.betexplorer.com/soccer/brazil/campeonato-piauiense/stats/
,,,,,,,
42%,Campeonato Potiguar 2019,Brazil,13%,46%,24,4,https://www.betexplorer.com/soccer/brazil/campeonato-potiguar/stats/
,,,,,,,
40%,Campeonato Matogrossense 2019,Brazil,30%,30%,10,2,https://www.betexplorer.com/soccer/brazil/campeonato-matogrossense/stats/
,,,,,,,
10%,Campeonato Paulista 2019,Brazil,50%,40%,10,2,https://www.betexplorer.com/soccer/brazil/campeonato-paulista/stats/
,,,,,,,
0%,Campeonato Paraibano 2019,Brazil,100%,0%,1,3,https://www.betexplorer.com/soccer/brazil/campeonato-paraibano/stats/
,,,,,,,
17%,Campeonato Mineiro 2019,Brazil,33%,50%,6,2,https://www.betexplorer.com/soccer/brazil/campeonato-mineiro/stats/
,,,,,,,
0%,Campeonato Maranhense 2019,Brazil,100%,0%,1,3,https://www.betexplorer.com/soccer/brazil/campeonato-maranhense/stats/
,,,,,,,
0%,Campeonato Pernambucano 2019,Brazil,25%,75%,4,2,https://www.betexplorer.com/soccer/brazil/campeonato-pernambucano/stats/
,,,,,,,
50%,Campeonato Goiano 2019,Brazil,20%,30%,10,2,https://www.betexplorer.com/soccer/brazil/campeonato-goiano/stats/
,,,,,,,
40%,Campeonato Gaucho 2019,Brazil,40%,20%,10,2,https://www.betexplorer.com/soccer/brazil/campeonato-gaucho/stats/
,,,,,,,
50%,Campeonato Cearense 2019,Brazil,50%,0%,2,2,https://www.betexplorer.com/soccer/brazil/campeonato-cearense/stats/
,,,,,,,
28%,Campeonato Catarinense 2019,Brazil,31%,41%,80,10,https://www.betexplorer.com/soccer/brazil/campeonato-catarinense/stats/
,,,,,,,
13%,Campeonato Capixaba 2019,Brazil,38%,50%,8,4,https://www.betexplorer.com/soccer/brazil/campeonato-capixaba/stats/
,,,,,,,
25%,Campeonato Baiano 2019,Brazil,25%,50%,4,2,https://www.betexplorer.com/soccer/brazil/campeonato-baiano/stats/
,,,,,,,
13%,Campeonato Brasiliense 2019,Brazil,50%,38%,8,4,https://www.betexplorer.com/soccer/brazil/campeonato-brasiliense/stats/
,,,,,,,
0%,Campeonato Carioca 2019,Brazil,0%,0%,0,2,https://www.betexplorer.com/soccer/brazil/campeonato-carioca/stats/
,,,,,,,
0%,Serie C 2019,Brazil,0%,0%,0,180,https://www.betexplorer.com/soccer/brazil/serie-c/stats/
,,,,,,,
0%,Serie A 2019,Brazil,0%,0%,0,380,https://www.betexplorer.com/soccer/brazil/serie-a/stats/
,,,,,,,
67%,Campeonato Alagoano 2019,Brazil,0%,33%,3,1,https://www.betexplorer.com/soccer/brazil/campeonato-alagoano/stats/
,,,,,,,
38%,Premier League U18 2018/2019,England,15%,47%,220,44,https://www.betexplorer.com/soccer/england/premier-league-u18/stats/
,,,,,,,
0%,Serie D 2019,Brazil,0%,0%,0,204,https://www.betexplorer.com/soccer/brazil/serie-d/stats/
,,,,,,,
37%,Premier League 2 2018/2019,England,24%,40%,227,37,https://www.betexplorer.com/soccer/england/premier-league-2/stats/
,,,,,,,
60%,Premier League International Cup 2018/2019,England,20%,20%,5,1,https://www.betexplorer.com/soccer/england/premier-league-international-cup/stats/
,,,,,,,
0%,Serie B 2019,Brazil,0%,0%,0,380,https://www.betexplorer.com/soccer/brazil/serie-b/stats/
,,,,,,,
27%,Premier League Cup 2018/2019,England,27%,45%,11,1,https://www.betexplorer.com/soccer/england/premier-league-cup/stats/
,,,,,,,
31%,FA Trophy 2018/2019,England,23%,47%,126,1,https://www.betexplorer.com/soccer/england/fa-trophy/stats/
,,,,,,,
36%,FA Cup 2018/2019,England,25%,39%,147,2,https://www.betexplorer.com/soccer/england/fa-cup/stats/
,,,,,,,
32%,EFL Trophy 2018/2019,England,29%,39%,31,0,https://www.betexplorer.com/soccer/england/efl-trophy/stats/
,,,,,,,
35%,EFL Cup 2018/2019,England,20%,44%,93,0,https://www.betexplorer.com/soccer/england/efl-cup/stats/
,,,,,,,
33%,Southern League South Division 2018/2019,England,21%,46%,406,56,https://www.betexplorer.com/soccer/england/southern-league-south-division/stats/
,,,,,,,
29%,Professional Development League 2018/2019,England,23%,48%,256,24,https://www.betexplorer.com/soccer/england/professional-development-league/stats/
,,,,,,,
36%,Isthmian League Premier Division 2018/2019,England,23%,41%,407,55,https://www.betexplorer.com/soccer/england/isthmian-league-premier-division/stats/
,,,,,,,
32%,National League South 2018/2019,England,24%,43%,407,55,https://www.betexplorer.com/soccer/england/national-league-south/stats/
,,,,,,,
34%,Southern League Central Division 2018/2019,England,25%,41%,407,55,https://www.betexplorer.com/soccer/england/southern-league-central-division/stats/
,,,,,,,
33%,National League 2018/2019,England,26%,41%,489,63,https://www.betexplorer.com/soccer/england/national-league/stats/
,,,,,,,
35%,NPL Premier Division 2018/2019,England,21%,43%,407,55,https://www.betexplorer.com/soccer/england/npl-premier-division/stats/
,,,,,,,
35%,National League North 2018/2019,England,27%,38%,402,60,https://www.betexplorer.com/soccer/england/national-league-north/stats/
,,,,,,,
30%,League Two 2018/2019,England,26%,44%,477,75,https://www.betexplorer.com/soccer/england/league-two/stats/
,,,,,,,
28%,Championship 2018/2019,England,29%,43%,466,86,https://www.betexplorer.com/soccer/england/championship/stats/
,,,,,,,
32%,League One 2018/2019,England,27%,41%,474,78,https://www.betexplorer.com/soccer/england/league-one/stats/
,,,,,,,
33%,Premier League 2018/2019,England,18%,49%,316,64,https://www.betexplorer.com/soccer/england/premier-league/stats/
,,,,,,,
24%,Elite One 2019,Cameroon,38%,38%,95,49,https://www.betexplorer.com/soccer/cameroon/elite-one/stats/
,,,,,,,
36%,MTN Premier League 2018/2019,Eswatini,28%,36%,152,2,https://www.betexplorer.com/soccer/eswatini/mtn-premier-league/stats/
,,,,,,,
22%,Premier League 2018/2019,Ethiopia,32%,46%,143,17,https://www.betexplorer.com/soccer/ethiopia/premier-league/stats/
,,,,,,,
25%,FBiH 2018/2019,Bosnia and Herzegovina,19%,56%,160,80,https://www.betexplorer.com/soccer/bosnia-and-herzegovina/fbih/stats/
,,,,,,,
36%,Bosnia and Herzegovina Cup 2018/2019,Bosnia and Herzegovina,30%,33%,33,2,https://www.betexplorer.com/soccer/bosnia-and-herzegovina/bosnia-and-herzegovina-cup/stats/
,,,,,,,
25%,RS 2018/2019,Bosnia and Herzegovina,24%,51%,120,12,https://www.betexplorer.com/soccer/bosnia-and-herzegovina/rs/stats/
,,,,,,,
41%,Premier League 2018/2019,Bermuda,21%,38%,85,5,https://www.betexplorer.com/soccer/bermuda/premier-league/stats/
,,,,,,,
19%,Division Profesional 2019,Bolivia,26%,55%,100,82,https://www.betexplorer.com/soccer/bolivia/division-profesional/stats/
,,,,,,,
0%,OFC Champions League 2019,Australia & Oceania,0%,0%,0,4,https://www.betexplorer.com/soccer/australia-oceania/ofc-champions-league/stats/
,,,,,,,
25%,Vysshaya Liga 2019,Belarus,25%,50%,8,232,https://www.betexplorer.com/soccer/belarus/vysshaya-liga/stats/
,,,,,,,
100%,Super Cup 2019,Belarus,0%,0%,1,0,https://www.betexplorer.com/soccer/belarus/super-cup/stats/
,,,,,,,
0%,Pershaya Liga 2019,Belarus,0%,0%,0,240,https://www.betexplorer.com/soccer/belarus/pershaya-liga/stats/
,,,,,,,
67%,Azerbaijan Cup 2018/2019,Azerbaijan,8%,25%,12,4,https://www.betexplorer.com/soccer/azerbaijan/azerbaijan-cup/stats/
,,,,,,,
37%,Premier League 2018/2019,Azerbaijan,27%,36%,88,24,https://www.betexplorer.com/soccer/azerbaijan/premier-league/stats/
,,,,,,,
67%,Bahrain Cup 2018/2019,Bahrain,0%,33%,3,0,https://www.betexplorer.com/soccer/bahrain/bahrain-cup/stats/
,,,,,,,
40%,Armenian Cup 2018/2019,Armenia,40%,20%,10,2,https://www.betexplorer.com/soccer/armenia/armenian-cup/stats/
,,,,,,,
24%,Premier League 2018/2019,Bosnia and Herzegovina,31%,44%,144,54,https://www.betexplorer.com/soccer/bosnia-and-herzegovina/premier-league/stats/
,,,,,,,
28%,Championnat National 2018/2019,Benin,29%,43%,169,1,https://www.betexplorer.com/soccer/benin/championnat-national/stats/
,,,,,,,
30%,Premier League 2019,Bangladesh,23%,47%,60,18,https://www.betexplorer.com/soccer/bangladesh/premier-league/stats/
,,,,,,,
46%,NPL Tasmania 2019,Australia,17%,38%,24,84,https://www.betexplorer.com/soccer/australia/npl-tasmania/stats/
,,,,,,,
67%,Brisbane Premier League 2019,Australia,0%,33%,21,111,https://www.betexplorer.com/soccer/australia/brisbane-premier-league/stats/
,,,,,,,
39%,NPL Western Australia 2019,Australia,28%,33%,18,114,https://www.betexplorer.com/soccer/australia/npl-western-australia/stats/
,,,,,,,
37%,NPL Victoria 2019,Australia,12%,51%,49,133,https://www.betexplorer.com/soccer/australia/npl-victoria/stats/
,,,,,,,
35%,Premier League 2018/2019,Armenia,28%,36%,96,48,https://www.betexplorer.com/soccer/armenia/premier-league/stats/
,,,,,,,
31%,King's Cup 2018/2019,Bahrain,31%,38%,29,0,https://www.betexplorer.com/soccer/bahrain/king-s-cup/stats/
,,,,,,,
37%,AFC Championship U23 2020,Asia,17%,46%,66,0,https://www.betexplorer.com/soccer/asia/afc-championship-u23/stats/
,,,,,,,
0%,Capital Territory 2019,Australia,0%,0%,0,72,https://www.betexplorer.com/soccer/australia/capital-territory/stats/
,,,,,,,
52%,NPL Queensland 2019,Australia,10%,39%,62,148,https://www.betexplorer.com/soccer/australia/npl-queensland/stats/
,,,,,,,
63%,NPL NSW 2019,Australia,21%,17%,24,108,https://www.betexplorer.com/soccer/australia/npl-nsw/stats/
,,,,,,,
36%,Premier League 2018/2019,Bahrain,21%,43%,70,8,https://www.betexplorer.com/soccer/bahrain/premier-league/stats/
,,,,,,,
50%,Northern NSW 2019,Australia,14%,36%,14,96,https://www.betexplorer.com/soccer/australia/northern-nsw/stats/
,,,,,,,
43%,NPL South Australian 2019,Australia,27%,30%,30,102,https://www.betexplorer.com/soccer/australia/npl-south-australian/stats/
,,,,,,,
47%,Bundesliga Women 2018/2019,Austria,7%,45%,55,35,https://www.betexplorer.com/soccer/austria/bundesliga-women/stats/
,,,,,,,
60%,OFB Cup 2018/2019,Austria,12%,28%,60,2,https://www.betexplorer.com/soccer/austria/ofb-cup/stats/
,,,,,,,
37%,Regionalliga West 2018/2019,Austria,15%,49%,150,90,https://www.betexplorer.com/soccer/austria/regionalliga-west/stats/
,,,,,,,
32%,Regionalliga Central 2018/2019,Austria,21%,47%,152,88,https://www.betexplorer.com/soccer/austria/regionalliga-central/stats/
,,,,,,,
35%,Regionalliga East 2018/2019,Austria,20%,45%,160,80,https://www.betexplorer.com/soccer/austria/regionalliga-east/stats/
,,,,,,,
34%,2. Liga 2018/2019,Austria,28%,39%,160,80,https://www.betexplorer.com/soccer/austria/2-liga/stats/
,,,,,,,
67%,Tipico Bundesliga 2018/2019,Austria,0%,33%,3,27,https://www.betexplorer.com/soccer/austria/tipico-bundesliga/stats/
,,,,,,,
32%,1st National Women 2018/2019,Belgium,15%,53%,152,30,https://www.betexplorer.com/soccer/belgium/1st-national-women/stats/
,,,,,,,
27%,Belgian Cup Women 2018/2019,Belgium,12%,61%,34,2,https://www.betexplorer.com/soccer/belgium/belgian-cup-women/stats/
,,,,,,,
40%,Super League Women 2018/2019,Belgium,18%,42%,60,0,https://www.betexplorer.com/soccer/belgium/super-league-women/stats/
,,,,,,,
36%,Second Amateur Division Group VFV B 2018/2019,Belgium,26%,39%,205,35,https://www.betexplorer.com/soccer/belgium/second-amateur-division-group-vfv-b/stats/
,,,,,,,
50%,Belgian Cup 2018/2019,Belgium,16%,34%,32,1,https://www.betexplorer.com/soccer/belgium/belgian-cup/stats/
,,,,,,,
35%,Second Amateur Division Group VFV A 2018/2019,Belgium,20%,45%,208,32,https://www.betexplorer.com/soccer/belgium/second-amateur-division-group-vfv-a/stats/
,,,,,,,
32%,Second Amateur Division Group ACFF 2018/2019,Belgium,24%,44%,208,32,https://www.betexplorer.com/soccer/belgium/second-amateur-division-group-acff/stats/
,,,,,,,
0%,Jupiler League 2018/2019,Belgium,0%,100%,4,26,https://www.betexplorer.com/soccer/belgium/jupiler-league/stats/
,,,,,,,
0%,Proximus League 2018/2019,Belgium,50%,50%,2,0,https://www.betexplorer.com/soccer/belgium/proximus-league/stats/
,,,,,,,
29%,First Amateur Division 2018/2019,Belgium,26%,45%,215,25,https://www.betexplorer.com/soccer/belgium/first-amateur-division/stats/
,,,,,,,
21%,Girabola 2018/2019,Angola,36%,42%,166,74,https://www.betexplorer.com/soccer/angola/girabola/stats/
,,,,,,,
28%,Copa Argentina 2019,Argentina,28%,44%,18,5,https://www.betexplorer.com/soccer/argentina/copa-argentina/stats/
,,,,,,,
38%,Torneos De Verano 2019,Argentina,13%,50%,8,0,https://www.betexplorer.com/soccer/argentina/torneos-de-verano/stats/
,,,,,,,
39%,Primera Divisió 2018/2019,Andorra,23%,39%,80,4,https://www.betexplorer.com/soccer/andorra/primera-divisio/stats/
,,,,,,,
25%,Andorra Cup 2018/2019,Andorra,25%,50%,8,2,https://www.betexplorer.com/soccer/andorra/andorra-cup/stats/
,,,,,,,
35%,Albanian Cup 2018/2019,Albania,13%,53%,57,1,https://www.betexplorer.com/soccer/albania/albanian-cup/stats/
,,,,,,,
27%,Algeria Cup 2018/2019,Algeria,30%,43%,64,0,https://www.betexplorer.com/soccer/algeria/algeria-cup/stats/
,,,,,,,
33%,First Division 2018/2019,Albania,17%,50%,12,28,https://www.betexplorer.com/soccer/albania/first-division/stats/
,,,,,,,
20%,Ligue 1 2018/2019,Algeria,34%,46%,188,52,https://www.betexplorer.com/soccer/algeria/ligue-1/stats/
,,,,,,,
12%,Ligue 2 2018/2019,Algeria,33%,56%,200,40,https://www.betexplorer.com/soccer/algeria/ligue-2/stats/
,,,,,,,
27%,Super League 2018/2019,Albania,26%,47%,140,40,https://www.betexplorer.com/soccer/albania/super-league/stats/
